task,time
start v1 0,1581631242.911469
click,1581631251.074177
click,1581631252.3462818
click,1581631253.5909731
click,1581631254.9112084
stop v1 0,1581631258.7188814
start v2 0,1581631263.7284195
click,1581631271.9995732
click,1581631273.1128826
click,1581631274.086626
click,1581631275.115679
click,1581631276.095248
click,1581631277.0738819
stop v2 0,1581631280.6505651
