task,time
start v1 0,1581628271.0855076
click,1581628279.4542718
click,1581628284.5460198
stop v1 0,1581628290.252946
start v2 0,1581628295.2624521
click,1581628305.4563773
click,1581628306.609218
click,1581628307.684403
click,1581628308.605493
click,1581628309.627672
click,1581628310.5977054
stop v2 0,1581628314.0922616
